<?xml version="1.0"?>
<ruleset>
	<file>.</file>
	<arg name="extensions" value="php,php5,inc" />
	<arg name="encoding" value="UTF-8" />

	<rule ref="./vendor/mediawiki/mediawiki-codesniffer/MediaWiki">
		<!-- NOTE: can't fix this yet, because we still support MediaWiki 1.27,
			which supported PHP 5.6, while "visibility of constants" was only added in PHP 7.1.
		-->
		<exclude name="PSR12.Properties.ConstantVisibility.NotFound" />

		<!-- NOTE: fixing this would break backward compatibility with older versions of MediaWiki -->
		<exclude name="MediaWiki.Usage.PHPUnitTypeHints.MissingTypehint" />

		<!-- Don't want to apply this -->
		<exclude name="MediaWiki.WhiteSpace.SpaceBeforeSingleLineComment.NewLineComment" />
	</rule>

	<rule ref="MediaWiki.NamingConventions.ValidGlobalName">
		<properties>
			<!-- Global variable $IP must be used directly in [AmazonS3HooksTest.php] -->
			<property name="ignoreList" type="array" value="$IP" />
		</properties>
	</rule>

	<!-- Don't check Composer-installed dependencies -->
	<exclude-pattern type="relative">^vendor/</exclude-pattern>
</ruleset>

